"ORF","ORF Genebank ID","Amino Acid","Start Index in Genome","End Index in Genome","Hits"
"surface glycoprotein","YP_009724390.1","FLPFFSNVTWFHAIHVSGTNGTKRFDNPVLPFNDGVYFASTEK",21725,21853,"0"
"surface glycoprotein","YP_009724390.1","FASTEKSNIIRGWIFGTTLDSKTQSLLIVNNATNVVIKVCEFQ",21836,21964,"1"
"surface glycoprotein","YP_009724390.1","KVCEFQFCNDPFLGVYYHKNNKSWMESEFRVYSSANNCTFEYV",21947,22075,"15"
"surface glycoprotein","YP_009724390.1","CTFEYVSQPFLMDLEGKQGNFKNLREFVFKNIDGYFKIYSKHT",22058,22186,"0"
"surface glycoprotein","YP_009724390.1","IYSKHTPINLVRDLPQGFSALEPLVDLPIGINITRFQTLLALH",22169,22297,"0"
"surface glycoprotein","YP_009724390.1","TLLALHRSYLTPGDSSSGWTAGAAAYYVGYLQPRTFLLKYNEN",22280,22408,"17"
"surface glycoprotein","YP_009724390.1","LKYNENGTITDAVDCALDPLSETKCTLKSFTVEKGIYQTSNFR",22391,22519,"0"
"surface glycoprotein","YP_009724390.1","QTSNFRVQPTESIVRFPNITNLCPFGEVFNATRFASVYAWNRK",22502,22630,"0"
"surface glycoprotein","YP_009724390.1","YAWNRKRISNCVADYSVLYNSASFSTFKCYGVSPTKLNDLCFT",22613,22741,"902"
"surface glycoprotein","YP_009724390.1","LPDDFTGCVIAWNSNNLDSKVGGNYNYLYRLFRKSNLKPFERD",22835,22963,"25"
"surface glycoprotein","YP_009724390.1","KPFERDISTEIYQAGSTPCNGVEGFNCYFPLQSYGFQPTNGVG",22946,23074,"0"
"surface glycoprotein","YP_009724390.1","PTNGVGYQPYRVVVLSFELLHAPATVCGPKKSTNLVKNKCVNF",23057,23185,"27"
"surface glycoprotein","YP_009724390.1","TDAVRDPQTLEILDITPCSFGGVSVITPGTNTSNQVAVLYQDV",23279,23407,"0"
"surface glycoprotein","YP_009724390.1","VLYQDVNCTEVPVAIHADQLTPTWRVYSTGSNVFQTRAGCLIG",23390,23518,"1"
"surface glycoprotein","YP_009724390.1","AGCLIGAEHVNNSYECDIPIGAGICASYQTQTNSPRRARSVAS",23501,23629,"1"
"surface glycoprotein","YP_009724390.1","ARSVASQSIIAYTMSLGAENSVAYSNNSIAIPTNFTISVTTEI",23612,23740,"66"
"surface glycoprotein","YP_009724390.1","SVTTEILPVSMTKTSVDCTMYICGDSTECSNLLLQYGSFCTQL",23723,23851,"6"
"surface glycoprotein","YP_009724390.1","SFCTQLNRALTGIAVEQDKNTQEVFAQVKQIYKTPPIKDFGGF",23834,23962,"0"
"surface glycoprotein","YP_009724390.1","KDFGGFNFSQILPDPSKPSKRSFIEDLLFNKVTLADAGFIKQY",23945,24073,"5"
"surface glycoprotein","YP_009724390.1","GFIKQYGDCLGDIAARDLICAQKFNGLTVLPPLLTDEMIAQYT",24056,24184,"21"
"surface glycoprotein","YP_009724390.1","MIAQYTSALLAGTITSGWTFGAGAALQIPFAMQMAYRFNGIGV",24167,24295,"12"
"surface glycoprotein","YP_009724390.1","FNGIGVTQNVLYENQKLIANQFNSAIGKIQDSLSSTASALGKL",24278,24406,"8"
"surface glycoprotein","YP_009724390.1","SALGKLQDVVNQNAQALNTLVKQLSSNFGAISSVLNDILSRLD",24389,24517,"0"
"surface glycoprotein","YP_009724390.1","ILSRLDKVEAEVQIDRLITGRLQSLQTYVTQQLIRAAEIRASA",24500,24628,"45"
"surface glycoprotein","YP_009724390.1","EIRASANLAATKMSECVLGQSKRVDFCGKGYHLMSFPQSAPHG",24611,24739,"0"
"surface glycoprotein","YP_009724390.1","QSAPHGVVFLHVTYVPAQEKNFTTAPAICHDGKAHFPREGVFV",24722,24850,"1"
"surface glycoprotein","YP_009724390.1","DLGDISGINASVVNIQKEIDRLNEVAKNLNESLIDLQELGKYE",25055,25183,"5"
"surface glycoprotein","YP_009724390.1","ELGKYEQYIKWPWYIWLGFIAGLIAIVMVTIMLCCMTSCCSCL",25166,25294,"4"
"ORF3a","YP_009724391.1","MDLFMRIFTIGTVTLKQGEIKDATPSDFVRATATIPIQ",25393,25506,"1"
"ORF3a","YP_009724391.1","ATIPIQASLPFGWLIVGVALLAVFQSASKIITLKKRWQ",25489,25602,"12"
"ORF3a","YP_009724391.1","LKKRWQLALSKGVHFVCNLLLLFVTVYSHLLLVAAGLE",25585,25698,"78"
"ORF3a","YP_009724391.1","VAAGLEAPFLYLYALVYFLQSINFVRIIMRLWLCWKCR",25681,25794,"10"
"ORF3a","YP_009724391.1","LCWKCRSKNPLLYDANYFLCWHTNCYDYCIPYNSVTSS",25777,25890,"15"
"ORF3a","YP_009724391.1","NSVTSSIVITSGDGTTSPISEHDYQIGGYTEKWESGVK",25873,25986,"4"
"ORF3a","YP_009724391.1","WESGVKDCVVLHSYFTSDYYQLYSTQLSTDTGVEHVTF",25969,26082,"24"
"envelope","YP_009724392.1","MYSFVSEETGTLIVNSVLLFLAFVVFLLVTLAILTALRL",26245,26361,"0"
"envelope","YP_009724392.1","CNIVNVSLVKPSFYVYSRVKNLNSSRVP",26374,26457,"0"
"membrane glycoprotein","YP_009724393.1","MADSNGTITVEELKKLLEQWNLVIGFLFLTWICLLQFAYAN",26523,26645,"9"
"membrane glycoprotein","YP_009724393.1","QFAYANRNRFLYIIKLIFLWLLWPVTLACFVLAAVYRINWI",26628,26750,"0"
"membrane glycoprotein","YP_009724393.1","YRINWITGGIAIAMACLVGLMWLSYFIASFRLFARTRSMWS",26733,26855,"1"
"membrane glycoprotein","YP_009724393.1","TRSMWSFNPETNILLNVPLHGTILTRPLLESELVIGAVILR",26838,26960,"5"
"membrane glycoprotein","YP_009724393.1","GAVILRGHLRIAGHHLGRCDIKDLPKEITVATSRTLSYYKL",26943,27065,"0"
"membrane glycoprotein","YP_009724393.1","LSYYKLGASQRVAGDSGFAAYSRYRIGNYKLNTDHSS",27048,27158,"10"
"ORF6","YP_009724394.1","MFHLVDFQVTIAEILLIIMRTFKVSIWNLDY",27202,27294,"2"
"ORF6","YP_009724394.1","IWNLDYIINLIIKNLSKSLTENKYSQLDEE",27277,27366,"0"
"ORF7a","YP_009724395.1","FSTQFAFACPDGVKHVYQLRARSVSPKLFIRQEEV",27568,27672,"5"
"ORF7a","YP_009724395.1","IRQEEVQELYSPIFLIVAAIVFITLCFTLKRKTE",27655,27756,"0"
"ORF7b","YP_009725296.1","MIELSLIDFYLCFLAFLLFLVLIML",27756,27830,"12"
"ORF8","YP_009724396.1","CTQHQPYVVDDPCPIHFYSKWYIRVGARKSAPLIELC",27966,28076,"0"
"ORF8","YP_009724396.1","PLIELCVDEAGSKSPIQYIDIGNYTVSCLPFTINCQE",28059,28169,"32"
"ORF8","YP_009724396.1","TINCQEPKLGSLVVRCSFYEDFLEYHDVRVVLDFI",28152,28256,"1"
"nucleocapsid phosphoprotein","YP_009724397.2","QRRPQGLPNNTASWFTALTQHGKEDLKFPRGQGVPINT",28388,28501,"6"
"nucleocapsid phosphoprotein","YP_009724397.2","GVPINTNSSPDDQIGYYRRATRRIRGGDGKMKDLSPRW",28484,28597,"2"
"nucleocapsid phosphoprotein","YP_009724397.2","DLSPRWYFYYLGTGPEAGLPYGANKDGIIWVATEGALN",28580,28693,"131"
"nucleocapsid phosphoprotein","YP_009724397.2","TEGALNTPKDHIGTRNPANNAAIVLQLPQGTTLPKGFY",28676,28789,"0"
"nucleocapsid phosphoprotein","YP_009724397.2","PGSSRGTSPARMAGNGGDAALALLLLDRLNQLESKMSG",28868,28981,"0"
"nucleocapsid phosphoprotein","YP_009724397.2","TVTLLPAADLDDFSKQLQQSMSSADST",29444,29524,"0"
"ORF10","YP_009725255.1","MGYINVFAFPFTIYSLLLCRMN",29558,29623,"1"